v4_2,Lower CI,Upper CI,two-year-intervals,Time,administrative-geography,Geography,sex,Sex,age-groups,AgeGroups
79.14,78.41,79.87,2016-18,2016-18,E07000103,Watford,male,Male,0-1,00-01
82.69,82.03,83.35,2016-18,2016-18,E07000103,Watford,female,Female,0-1,00-01
77.77,76.96,78.57,2016-18,2016-18,E07000136,Boston,male,Male,0-1,00-01
82.06,81.31,82.81,2016-18,2016-18,E07000136,Boston,female,Female,0-1,00-01
80.44,79.73,81.16,2016-18,2016-18,E07000152,East Northamptonshire,male,Male,0-1,00-01
83.16,82.51,83.8,2016-18,2016-18,E07000152,East Northamptonshire,female,Female,0-1,00-01
80.74,80.01,81.47,2016-18,2016-18,E07000120,Hyndburn,female,Female,0-1,00-01
76.72,75.95,77.5,2016-18,2016-18,E07000120,Hyndburn,male,Male,0-1,00-01
79.07,78.38,79.75,2016-18,2016-18,E07000237,Worcester,male,Male,0-1,00-01
83.3,82.67,83.92,2016-18,2016-18,E07000237,Worcester,female,Female,0-1,00-01
77.16,76.71,77.62,2016-18,2016-18,E08000006,Salford,male,Male,0-1,00-01
80.86,80.43,81.28,2016-18,2016-18,E08000006,Salford,female,Female,0-1,00-01
81.4,80.9,81.89,2016-18,2016-18,E07000011,Huntingdonshire,male,Male,0-1,00-01
84.37,83.9,84.85,2016-18,2016-18,E07000011,Huntingdonshire,female,Female,0-1,00-01
82.45,82.08,82.82,2016-18,2016-18,E09000003,Barnet,male,Male,0-1,00-01
85.79,85.45,86.12,2016-18,2016-18,E09000003,Barnet,female,Female,0-1,00-01
81.52,81.03,82.0,2016-18,2016-18,E08000023,South Tyneside,female,Female,0-1,00-01
76.96,76.4,77.51,2016-18,2016-18,E08000023,South Tyneside,male,Male,0-1,00-01
84.29,83.61,84.97,2016-18,2016-18,E07000217,Woking,female,Female,0-1,00-01
81.93,81.23,82.63,2016-18,2016-18,E07000217,Woking,male,Male,0-1,00-01
83.85,83.29,84.42,2016-18,2016-18,E07000197,Stafford,female,Female,0-1,00-01
80.38,79.79,80.98,2016-18,2016-18,E07000197,Stafford,male,Male,0-1,00-01
81.34,80.75,81.92,2016-18,2016-18,E07000174,Mansfield,female,Female,0-1,00-01
77.89,77.23,78.54,2016-18,2016-18,E07000174,Mansfield,male,Male,0-1,00-01
80.02,79.47,80.57,2016-18,2016-18,E07000084,Basingstoke and Deane,male,Male,0-1,00-01
83.82,83.35,84.29,2016-18,2016-18,E07000084,Basingstoke and Deane,female,Female,0-1,00-01
81.35,80.67,82.04,2016-18,2016-18,E07000068,Brentwood,male,Male,0-1,00-01
84.59,83.96,85.22,2016-18,2016-18,E07000068,Brentwood,female,Female,0-1,00-01
84.94,84.46,85.41,2016-18,2016-18,E07000040,East Devon,female,Female,0-1,00-01
81.49,80.92,82.05,2016-18,2016-18,E07000040,East Devon,male,Male,0-1,00-01
78.43,77.96,78.9,2016-18,2016-18,E06000044,Portsmouth,male,Male,0-1,00-01
82.01,81.54,82.48,2016-18,2016-18,E06000044,Portsmouth,female,Female,0-1,00-01
82.12,81.73,82.5,2016-18,2016-18,E06000026,Plymouth,female,Female,0-1,00-01
78.96,78.54,79.39,2016-18,2016-18,E06000026,Plymouth,male,Male,0-1,00-01
75.99,75.57,76.41,2016-18,2016-18,E06000010,"Kingston upon Hull, City of",male,Male,0-1,00-01
80.16,79.75,80.56,2016-18,2016-18,E06000010,"Kingston upon Hull, City of",female,Female,0-1,00-01
82.93,82.53,83.33,2016-18,2016-18,E06000043,Brighton and Hove,female,Female,0-1,00-01
78.91,78.47,79.35,2016-18,2016-18,E06000043,Brighton and Hove,male,Male,0-1,00-01
81.19,80.8,81.59,2016-18,2016-18,E06000025,South Gloucestershire,male,Male,0-1,00-01
84.47,84.08,84.85,2016-18,2016-18,E06000025,South Gloucestershire,female,Female,0-1,00-01
74.46,73.84,75.08,2016-18,2016-18,E06000009,Blackpool,male,Male,0-1,00-01
79.52,78.97,80.07,2016-18,2016-18,E06000009,Blackpool,female,Female,0-1,00-01
78.93,78.17,79.69,2016-18,2016-18,E07000236,Redditch,male,Male,0-1,00-01
83.28,82.56,84.0,2016-18,2016-18,E07000236,Redditch,female,Female,0-1,00-01
83.08,82.31,83.86,2016-18,2016-18,E07000151,Daventry,female,Female,0-1,00-01
81.21,80.5,81.92,2016-18,2016-18,E07000151,Daventry,male,Male,0-1,00-01
82.67,82.13,83.21,2016-18,2016-18,E09000002,Barking and Dagenham,female,Female,0-1,00-01
77.98,77.44,78.52,2016-18,2016-18,E09000002,Barking and Dagenham,male,Male,0-1,00-01
78.04,77.56,78.52,2016-18,2016-18,E08000022,North Tyneside,male,Male,0-1,00-01
82.13,81.7,82.56,2016-18,2016-18,E08000022,North Tyneside,female,Female,0-1,00-01
80.85,80.3,81.41,2016-18,2016-18,E07000173,Gedling,male,Male,0-1,00-01
82.86,82.3,83.42,2016-18,2016-18,E07000173,Gedling,female,Female,0-1,00-01
79.13,78.32,79.95,2016-18,2016-18,E07000119,Fylde,male,Male,0-1,00-01
82.87,82.16,83.58,2016-18,2016-18,E07000119,Fylde,female,Female,0-1,00-01
77.14,76.66,77.63,2016-18,2016-18,E08000005,Rochdale,male,Male,0-1,00-01
80.97,80.51,81.42,2016-18,2016-18,E08000005,Rochdale,female,Female,0-1,00-01
82.17,81.51,82.83,2016-18,2016-18,E07000010,Fenland,female,Female,0-1,00-01
78.57,77.9,79.25,2016-18,2016-18,E07000010,Fenland,male,Male,0-1,00-01
84.47,83.61,85.32,2016-18,2016-18,E07000135,Oadby and Wigston,female,Female,0-1,00-01
79.83,78.82,80.84,2016-18,2016-18,E07000135,Oadby and Wigston,male,Male,0-1,00-01
81.48,80.8,82.16,2016-18,2016-18,E07000102,Three Rivers,male,Male,0-1,00-01
84.01,83.36,84.66,2016-18,2016-18,E07000102,Three Rivers,female,Female,0-1,00-01
82.16,81.55,82.77,2016-18,2016-18,E07000216,Waverley,male,Male,0-1,00-01
85.72,85.2,86.23,2016-18,2016-18,E07000216,Waverley,female,Female,0-1,00-01
83.89,83.29,84.5,2016-18,2016-18,E07000196,South Staffordshire,female,Female,0-1,00-01
80.66,80.09,81.23,2016-18,2016-18,E07000196,South Staffordshire,male,Male,0-1,00-01
84.58,83.92,85.25,2016-18,2016-18,E07000083,Tewkesbury,female,Female,0-1,00-01
81.19,80.53,81.84,2016-18,2016-18,E07000083,Tewkesbury,male,Male,0-1,00-01
83.02,82.51,83.54,2016-18,2016-18,E07000067,Braintree,female,Female,0-1,00-01
80.11,79.58,80.63,2016-18,2016-18,E07000067,Braintree,male,Male,0-1,00-01
82.92,82.26,83.58,2016-18,2016-18,E07000039,South Derbyshire,female,Female,0-1,00-01
79.67,78.98,80.36,2016-18,2016-18,E07000039,South Derbyshire,male,Male,0-1,00-01
84.47,83.89,85.04,2016-18,2016-18,E07000116,Tunbridge Wells,female,Female,0-1,00-01
81.12,80.48,81.76,2016-18,2016-18,E07000116,Tunbridge Wells,male,Male,0-1,00-01
79.31,78.7,79.92,2016-18,2016-18,E07000036,Erewash,male,Male,0-1,00-01
83.49,82.89,84.1,2016-18,2016-18,E07000036,Erewash,female,Female,0-1,00-01
81.75,81.45,82.04,2016-18,2016-18,E06000060,Buckinghamshire,male,Male,0-1,00-01
85.07,84.79,85.36,2016-18,2016-18,E06000060,Buckinghamshire,female,Female,0-1,00-01
83.16,82.57,83.76,2016-18,2016-18,E07000148,Norwich,female,Female,0-1,00-01
78.15,77.5,78.79,2016-18,2016-18,E07000148,Norwich,male,Male,0-1,00-01
81.68,81.22,82.15,2016-18,2016-18,E08000002,Bury,female,Female,0-1,00-01
78.74,78.24,79.23,2016-18,2016-18,E08000002,Bury,male,Male,0-1,00-01
77.91,77.5,78.32,2016-18,2016-18,E08000018,Rotherham,male,Male,0-1,00-01
81.78,81.38,82.18,2016-18,2016-18,E08000018,Rotherham,female,Female,0-1,00-01
83.92,83.31,84.52,2016-18,2016-18,E07000132,Hinckley and Bosworth,female,Female,0-1,00-01
81.06,80.49,81.63,2016-18,2016-18,E07000132,Hinckley and Bosworth,male,Male,0-1,00-01
82.71,82.1,83.33,2016-18,2016-18,E07000193,East Staffordshire,female,Female,0-1,00-01
78.82,78.15,79.48,2016-18,2016-18,E07000193,East Staffordshire,male,Male,0-1,00-01
78.06,77.45,78.66,2016-18,2016-18,E07000170,Ashfield,male,Male,0-1,00-01
81.76,81.19,82.33,2016-18,2016-18,E07000170,Ashfield,female,Female,0-1,00-01
81.24,80.58,81.9,2016-18,2016-18,E07000213,Spelthorne,male,Male,0-1,00-01
84.17,83.56,84.79,2016-18,2016-18,E07000213,Spelthorne,female,Female,0-1,00-01
78.98,78.29,79.66,2016-18,2016-18,E07000229,Worthing,male,Male,0-1,00-01
83.15,82.55,83.75,2016-18,2016-18,E07000229,Worthing,female,Female,0-1,00-01
83.35,82.72,83.98,2016-18,2016-18,E07000080,Forest of Dean,female,Female,0-1,00-01
80.4,79.69,81.11,2016-18,2016-18,E07000080,Forest of Dean,male,Male,0-1,00-01
83.74,83.0,84.48,2016-18,2016-18,E07000064,Rother,female,Female,0-1,00-01
81.03,80.3,81.76,2016-18,2016-18,E07000064,Rother,male,Male,0-1,00-01
84.33,83.82,84.84,2016-18,2016-18,E07000096,Dacorum,female,Female,0-1,00-01
81.37,80.84,81.9,2016-18,2016-18,E07000096,Dacorum,male,Male,0-1,00-01
82.14,81.91,82.38,2016-18,2016-18,E08000035,Leeds,female,Female,0-1,00-01
78.25,78.0,78.5,2016-18,2016-18,E08000035,Leeds,male,Male,0-1,00-01
81.76,81.14,82.37,2016-18,2016-18,S12000041,Angus,female,Female,0-1,00-01
78.35,77.72,78.99,2016-18,2016-18,S12000041,Angus,male,Male,0-1,00-01
77.92,77.2,78.64,2016-18,2016-18,S12000019,Midlothian,male,Male,0-1,00-01
81.68,81.03,82.33,2016-18,2016-18,S12000019,Midlothian,female,Female,0-1,00-01
82.99,82.38,83.6,2016-18,2016-18,N09000006,Fermanagh and Omagh,female,Female,0-1,00-01
79.17,78.52,79.82,2016-18,2016-18,N09000006,Fermanagh and Omagh,male,Male,0-1,00-01
77.83,77.31,78.35,2016-18,2016-18,W06000010,Carmarthenshire,male,Male,0-1,00-01
82.28,81.83,82.72,2016-18,2016-18,W06000010,Carmarthenshire,female,Female,0-1,00-01
80.61,79.99,81.23,2016-18,2016-18,E07000241,Welwyn Hatfield,male,Male,0-1,00-01
84.2,83.6,84.79,2016-18,2016-18,E07000241,Welwyn Hatfield,female,Female,0-1,00-01
80.66,80.1,81.22,2016-18,2016-18,E07000141,South Kesteven,male,Male,0-1,00-01
83.84,83.36,84.33,2016-18,2016-18,E07000141,South Kesteven,female,Female,0-1,00-01
81.7,80.88,82.52,2016-18,2016-18,E07000029,Copeland,female,Female,0-1,00-01
78.24,77.38,79.09,2016-18,2016-18,E07000029,Copeland,male,Male,0-1,00-01
85.88,84.95,86.81,2016-18,2016-18,E06000017,Rutland,female,Female,0-1,00-01
82.79,81.93,83.65,2016-18,2016-18,E06000017,Rutland,male,Male,0-1,00-01
81.05,80.5,81.61,2016-18,2016-18,E07000222,Warwick,male,Male,0-1,00-01
84.24,83.67,84.81,2016-18,2016-18,E07000222,Warwick,female,Female,0-1,00-01
85.49,85.01,85.98,2016-18,2016-18,E07000179,South Oxfordshire,female,Female,0-1,00-01
82.22,81.68,82.76,2016-18,2016-18,E07000179,South Oxfordshire,male,Male,0-1,00-01
80.02,79.47,80.58,2016-18,2016-18,E06000002,Middlesbrough,female,Female,0-1,00-01
75.27,74.67,75.88,2016-18,2016-18,E06000002,Middlesbrough,male,Male,0-1,00-01
83.71,83.11,84.32,2016-18,2016-18,E07000109,Gravesham,female,Female,0-1,00-01
79.44,78.78,80.1,2016-18,2016-18,E07000109,Gravesham,male,Male,0-1,00-01
82.71,82.0,83.42,2016-18,2016-18,E07000073,Harlow,female,Female,0-1,00-01
78.17,77.4,78.94,2016-18,2016-18,E07000073,Harlow,male,Male,0-1,00-01
84.97,84.31,85.63,2016-18,2016-18,E07000044,South Hams,female,Female,0-1,00-01
82.07,81.35,82.79,2016-18,2016-18,E07000044,South Hams,male,Male,0-1,00-01
81.4,80.7,82.09,2016-18,2016-18,E07000155,South Northamptonshire,male,Male,0-1,00-01
84.63,83.96,85.3,2016-18,2016-18,E07000155,South Northamptonshire,female,Female,0-1,00-01
79.55,78.85,80.26,2016-18,2016-18,E07000140,South Holland,male,Male,0-1,00-01
83.11,82.48,83.73,2016-18,2016-18,E07000140,South Holland,female,Female,0-1,00-01
80.99,80.43,81.55,2016-18,2016-18,E07000177,Cherwell,male,Male,0-1,00-01
83.53,83.01,84.05,2016-18,2016-18,E07000177,Cherwell,female,Female,0-1,00-01
84.05,83.54,84.57,2016-18,2016-18,E07000139,North Kesteven,female,Female,0-1,00-01
80.71,80.13,81.29,2016-18,2016-18,E07000139,North Kesteven,male,Male,0-1,00-01
81.99,81.28,82.7,2016-18,2016-18,E07000156,Wellingborough,female,Female,0-1,00-01
78.94,78.15,79.74,2016-18,2016-18,E07000156,Wellingborough,male,Male,0-1,00-01
82.39,81.77,83.0,2016-18,2016-18,E07000028,Carlisle,female,Female,0-1,00-01
78.19,77.5,78.88,2016-18,2016-18,E07000028,Carlisle,male,Male,0-1,00-01
82.28,81.86,82.71,2016-18,2016-18,E06000015,Derby,female,Female,0-1,00-01
78.58,78.14,79.01,2016-18,2016-18,E06000015,Derby,male,Male,0-1,00-01
83.85,83.4,84.3,2016-18,2016-18,E09000023,Lewisham,female,Female,0-1,00-01
79.23,78.76,79.69,2016-18,2016-18,E09000023,Lewisham,male,Male,0-1,00-01
83.08,82.63,83.52,2016-18,2016-18,E07000071,Colchester,female,Female,0-1,00-01
80.21,79.72,80.69,2016-18,2016-18,E07000071,Colchester,male,Male,0-1,00-01
80.37,79.85,80.89,2016-18,2016-18,E08000011,Knowsley,female,Female,0-1,00-01
76.63,76.06,77.19,2016-18,2016-18,E08000011,Knowsley,male,Male,0-1,00-01
85.29,84.77,85.82,2016-18,2016-18,E07000240,St Albans,female,Female,0-1,00-01
82.02,81.44,82.61,2016-18,2016-18,E07000240,St Albans,male,Male,0-1,00-01
78.21,77.84,78.58,2016-18,2016-18,W06000015,Cardiff,male,Male,0-1,00-01
82.86,82.5,83.21,2016-18,2016-18,W06000015,Cardiff,female,Female,0-1,00-01
83.75,83.26,84.24,2016-18,2016-18,E09000022,Lambeth,female,Female,0-1,00-01
79.2,78.68,79.71,2016-18,2016-18,E09000022,Lambeth,male,Male,0-1,00-01
81.29,80.7,81.88,2016-18,2016-18,E07000221,Stratford-on-Avon,male,Male,0-1,00-01
84.64,84.13,85.16,2016-18,2016-18,E07000221,Stratford-on-Avon,female,Female,0-1,00-01
77.95,77.36,78.54,2016-18,2016-18,E07000123,Preston,male,Male,0-1,00-01
80.91,80.33,81.5,2016-18,2016-18,E07000123,Preston,female,Female,0-1,00-01
79.45,78.81,80.09,2016-18,2016-18,E07000108,Dover,male,Male,0-1,00-01
82.34,81.72,82.97,2016-18,2016-18,E07000108,Dover,female,Female,0-1,00-01
79.48,78.16,80.8,2016-18,2016-18,S12000027,Shetland Islands,male,Male,0-1,00-01
83.37,82.27,84.47,2016-18,2016-18,S12000027,Shetland Islands,female,Female,0-1,00-01
83.91,83.47,84.34,2016-18,2016-18,E08000009,Trafford,female,Female,0-1,00-01
80.1,79.65,80.56,2016-18,2016-18,E08000009,Trafford,male,Male,0-1,00-01
81.92,81.37,82.47,2016-18,2016-18,E07000242,East Hertfordshire,male,Male,0-1,00-01
84.89,84.37,85.41,2016-18,2016-18,E07000242,East Hertfordshire,female,Female,0-1,00-01
80.28,79.89,80.67,2016-18,2016-18,E09000008,Croydon,male,Male,0-1,00-01
83.96,83.61,84.3,2016-18,2016-18,E09000008,Croydon,female,Female,0-1,00-01
84.34,83.85,84.82,2016-18,2016-18,E09000024,Merton,female,Female,0-1,00-01
81.03,80.52,81.54,2016-18,2016-18,E09000024,Merton,male,Male,0-1,00-01
80.63,80.28,80.98,2016-18,2016-18,S12000029,South Lanarkshire,female,Female,0-1,00-01
76.83,76.44,77.21,2016-18,2016-18,S12000029,South Lanarkshire,male,Male,0-1,00-01
77.8,77.31,78.3,2016-18,2016-18,W06000018,Caerphilly,male,Male,0-1,00-01
81.32,80.85,81.78,2016-18,2016-18,W06000018,Caerphilly,female,Female,0-1,00-01
81.2,80.37,82.03,2016-18,2016-18,E07000124,Ribble Valley,male,Male,0-1,00-01
83.53,82.6,84.46,2016-18,2016-18,E07000124,Ribble Valley,female,Female,0-1,00-01
84.01,83.41,84.62,2016-18,2016-18,E07000087,Fareham,female,Female,0-1,00-01
81.43,80.84,82.02,2016-18,2016-18,E07000087,Fareham,male,Male,0-1,00-01
81.31,80.77,81.85,2016-18,2016-18,E07000072,Epping Forest,male,Male,0-1,00-01
83.76,83.23,84.28,2016-18,2016-18,E07000072,Epping Forest,female,Female,0-1,00-01
80.03,79.35,80.71,2016-18,2016-18,E07000220,Rugby,male,Male,0-1,00-01
83.49,82.84,84.14,2016-18,2016-18,E07000220,Rugby,female,Female,0-1,00-01
83.2,82.66,83.74,2016-18,2016-18,E07000202,Ipswich,female,Female,0-1,00-01
79.33,78.74,79.92,2016-18,2016-18,E07000202,Ipswich,male,Male,0-1,00-01
84.75,84.13,85.37,2016-18,2016-18,E07000200,Babergh,female,Female,0-1,00-01
81.59,80.92,82.26,2016-18,2016-18,E07000200,Babergh,male,Male,0-1,00-01
80.22,79.56,80.88,2016-18,2016-18,E07000178,Oxford,male,Male,0-1,00-01
84.46,83.88,85.05,2016-18,2016-18,E07000178,Oxford,female,Female,0-1,00-01
83.22,82.55,83.89,2016-18,2016-18,E07000088,Gosport,female,Female,0-1,00-01
79.29,78.55,80.04,2016-18,2016-18,E07000088,Gosport,male,Male,0-1,00-01
79.66,79.01,80.31,2016-18,2016-18,E07000107,Dartford,male,Male,0-1,00-01
82.15,81.55,82.75,2016-18,2016-18,E07000107,Dartford,female,Female,0-1,00-01
83.55,82.93,84.17,2016-18,2016-18,E07000142,West Lindsey,female,Female,0-1,00-01
79.6,78.9,80.3,2016-18,2016-18,E07000142,West Lindsey,male,Male,0-1,00-01
81.85,80.88,82.82,2016-18,2016-18,E07000030,Eden,male,Male,0-1,00-01
85.05,84.11,86.0,2016-18,2016-18,E07000030,Eden,female,Female,0-1,00-01
83.68,83.23,84.13,2016-18,2016-18,E06000019,"Herefordshire, County of",female,Female,0-1,00-01
79.7,79.17,80.22,2016-18,2016-18,E06000019,"Herefordshire, County of",male,Male,0-1,00-01
83.67,83.22,84.13,2016-18,2016-18,E07000110,Maidstone,female,Female,0-1,00-01
80.46,79.97,80.95,2016-18,2016-18,E07000110,Maidstone,male,Male,0-1,00-01
85.41,84.82,85.99,2016-18,2016-18,E07000180,Vale of White Horse,female,Female,0-1,00-01
82.59,82.0,83.17,2016-18,2016-18,E07000180,Vale of White Horse,male,Male,0-1,00-01
80.96,80.15,81.78,2016-18,2016-18,E07000074,Maldon,male,Male,0-1,00-01
83.28,82.48,84.09,2016-18,2016-18,E07000074,Maldon,female,Female,0-1,00-01
82.71,81.87,83.56,2016-18,2016-18,E07000046,Torridge,female,Female,0-1,00-01
79.83,79.0,80.67,2016-18,2016-18,E07000046,Torridge,male,Male,0-1,00-01
76.26,75.94,76.59,2016-18,2016-18,E08000012,Liverpool,male,Male,0-1,00-01
80.08,79.76,80.4,2016-18,2016-18,E08000012,Liverpool,female,Female,0-1,00-01
83.03,82.36,83.7,2016-18,2016-18,E07000243,Stevenage,female,Female,0-1,00-01
78.5,77.78,79.21,2016-18,2016-18,E07000243,Stevenage,male,Male,0-1,00-01
78.68,77.98,79.38,2016-18,2016-18,S12000030,Stirling,male,Male,0-1,00-01
82.83,82.16,83.5,2016-18,2016-18,S12000030,Stirling,female,Female,0-1,00-01
83.68,82.94,84.42,2016-18,2016-18,E07000223,Adur,female,Female,0-1,00-01
81.21,80.44,81.98,2016-18,2016-18,E07000223,Adur,male,Male,0-1,00-01
80.6,79.88,81.33,2016-18,2016-18,W06000019,Blaenau Gwent,female,Female,0-1,00-01
76.28,75.47,77.09,2016-18,2016-18,W06000019,Blaenau Gwent,male,Male,0-1,00-01
80.22,79.69,80.75,2016-18,2016-18,E09000025,Newham,male,Male,0-1,00-01
83.29,82.81,83.78,2016-18,2016-18,E09000025,Newham,female,Female,0-1,00-01
79.72,79.13,80.31,2016-18,2016-18,E06000046,Isle of Wight,male,Male,0-1,00-01
83.49,82.97,84.0,2016-18,2016-18,E06000046,Isle of Wight,female,Female,0-1,00-01
80.07,79.62,80.52,2016-18,2016-18,E06000030,Swindon,male,Male,0-1,00-01
83.3,82.87,83.72,2016-18,2016-18,E06000030,Swindon,female,Female,0-1,00-01
82.17,81.66,82.67,2016-18,2016-18,E06000012,North East Lincolnshire,female,Female,0-1,00-01
77.57,77.01,78.12,2016-18,2016-18,E06000012,North East Lincolnshire,male,Male,0-1,00-01
78.24,77.93,78.54,2016-18,2016-18,E06000047,County Durham,male,Male,0-1,00-01
81.46,81.19,81.74,2016-18,2016-18,E06000047,County Durham,female,Female,0-1,00-01
82.45,81.95,82.95,2016-18,2016-18,E06000013,North Lincolnshire,female,Female,0-1,00-01
78.97,78.47,79.47,2016-18,2016-18,E06000013,North Lincolnshire,male,Male,0-1,00-01
80.51,80.06,80.96,2016-18,2016-18,E07000244,East Suffolk,male,Male,0-1,00-01
83.75,83.34,84.16,2016-18,2016-18,E07000244,East Suffolk,female,Female,0-1,00-01
82.81,82.28,83.34,2016-18,2016-18,S12000048,Perth and Kinross,female,Female,0-1,00-01
79.13,78.52,79.73,2016-18,2016-18,S12000048,Perth and Kinross,male,Male,0-1,00-01
77.34,76.48,78.2,2016-18,2016-18,E07000027,Barrow-in-Furness,male,Male,0-1,00-01
80.98,80.19,81.77,2016-18,2016-18,E07000027,Barrow-in-Furness,female,Female,0-1,00-01
78.62,78.11,79.13,2016-18,2016-18,E06000020,Telford and Wrekin,male,Male,0-1,00-01
81.93,81.45,82.41,2016-18,2016-18,E06000020,Telford and Wrekin,female,Female,0-1,00-01
83.12,82.63,83.62,2016-18,2016-18,N09000010,"Newry, Mourne and Down",female,Female,0-1,00-01
78.91,78.36,79.45,2016-18,2016-18,N09000010,"Newry, Mourne and Down",male,Male,0-1,00-01
80.82,80.37,81.27,2016-18,2016-18,E09000005,Brent,male,Male,0-1,00-01
85.11,84.67,85.56,2016-18,2016-18,E09000005,Brent,female,Female,0-1,00-01
80.64,80.24,81.05,2016-18,2016-18,E09000010,Enfield,male,Male,0-1,00-01
84.78,84.39,85.16,2016-18,2016-18,E09000010,Enfield,female,Female,0-1,00-01
81.45,81.01,81.89,2016-18,2016-18,E09000026,Redbridge,male,Male,0-1,00-01
84.79,84.37,85.2,2016-18,2016-18,E09000026,Redbridge,female,Female,0-1,00-01
81.49,80.93,82.04,2016-18,2016-18,E09000021,Kingston upon Thames,male,Male,0-1,00-01
84.93,84.39,85.47,2016-18,2016-18,E09000021,Kingston upon Thames,female,Female,0-1,00-01
78.12,77.67,78.58,2016-18,2016-18,E06000045,Southampton,male,Male,0-1,00-01
82.62,82.18,83.05,2016-18,2016-18,E06000045,Southampton,female,Female,0-1,00-01
78.18,77.48,78.88,2016-18,2016-18,E07000145,Great Yarmouth,male,Male,0-1,00-01
82.58,81.96,83.2,2016-18,2016-18,E07000145,Great Yarmouth,female,Female,0-1,00-01
82.71,82.38,83.05,2016-18,2016-18,E06000057,Northumberland,female,Female,0-1,00-01
79.4,79.01,79.78,2016-18,2016-18,E06000057,Northumberland,male,Male,0-1,00-01
83.78,83.47,84.09,2016-18,2016-18,E06000011,East Riding of Yorkshire,female,Female,0-1,00-01
80.11,79.75,80.46,2016-18,2016-18,E06000011,East Riding of Yorkshire,male,Male,0-1,00-01
83.57,82.93,84.2,2016-18,2016-18,S12000011,East Renfrewshire,female,Female,0-1,00-01
80.68,80.0,81.36,2016-18,2016-18,S12000011,East Renfrewshire,male,Male,0-1,00-01
78.0,77.34,78.67,2016-18,2016-18,W06000004,Denbighshire,male,Male,0-1,00-01
81.53,80.95,82.12,2016-18,2016-18,W06000004,Denbighshire,female,Female,0-1,00-01
82.85,82.32,83.38,2016-18,2016-18,E07000113,Swale,female,Female,0-1,00-01
79.16,78.58,79.75,2016-18,2016-18,E07000113,Swale,male,Male,0-1,00-01
82.28,81.6,82.96,2016-18,2016-18,E07000077,Uttlesford,male,Male,0-1,00-01
85.23,84.62,85.85,2016-18,2016-18,E07000077,Uttlesford,female,Female,0-1,00-01
80.54,79.83,81.24,2016-18,2016-18,E07000226,Crawley,male,Male,0-1,00-01
83.44,82.76,84.12,2016-18,2016-18,E07000226,Crawley,female,Female,0-1,00-01
81.64,81.34,81.93,2016-18,2016-18,E08000032,Bradford,female,Female,0-1,00-01
77.79,77.48,78.1,2016-18,2016-18,E08000032,Bradford,male,Male,0-1,00-01
84.09,83.5,84.68,2016-18,2016-18,E07000188,Sedgemoor,female,Female,0-1,00-01
80.44,79.83,81.06,2016-18,2016-18,E07000188,Sedgemoor,male,Male,0-1,00-01
84.03,83.64,84.42,2016-18,2016-18,E09000017,Hillingdon,female,Female,0-1,00-01
80.43,80.01,80.86,2016-18,2016-18,E09000017,Hillingdon,male,Male,0-1,00-01
80.78,80.3,81.26,2016-18,2016-18,S12000040,West Lothian,female,Female,0-1,00-01
77.79,77.28,78.3,2016-18,2016-18,S12000040,West Lothian,male,Male,0-1,00-01
75.16,74.42,75.91,2016-18,2016-18,S12000018,Inverclyde,male,Male,0-1,00-01
79.6,78.87,80.33,2016-18,2016-18,S12000018,Inverclyde,female,Female,0-1,00-01
81.27,80.71,81.82,2016-18,2016-18,N09000005,Derry City and Strabane,female,Female,0-1,00-01
78.05,77.47,78.63,2016-18,2016-18,N09000005,Derry City and Strabane,male,Male,0-1,00-01
83.29,82.75,83.83,2016-18,2016-18,W06000009,Pembrokeshire,female,Female,0-1,00-01
79.32,78.68,79.95,2016-18,2016-18,W06000009,Pembrokeshire,male,Male,0-1,00-01
83.88,83.43,84.34,2016-18,2016-18,E09000029,Sutton,female,Female,0-1,00-01
80.57,80.06,81.08,2016-18,2016-18,E09000029,Sutton,male,Male,0-1,00-01
84.56,83.98,85.14,2016-18,2016-18,E09000013,Hammersmith and Fulham,female,Female,0-1,00-01
79.73,79.12,80.35,2016-18,2016-18,E09000013,Hammersmith and Fulham,male,Male,0-1,00-01
84.63,84.09,85.16,2016-18,2016-18,E06000040,Windsor and Maidenhead,female,Female,0-1,00-01
81.71,81.14,82.28,2016-18,2016-18,E06000040,Windsor and Maidenhead,male,Male,0-1,00-01
85.0,84.58,85.43,2016-18,2016-18,E06000022,Bath and North East Somerset,female,Female,0-1,00-01
80.65,80.16,81.15,2016-18,2016-18,E06000022,Bath and North East Somerset,male,Male,0-1,00-01
81.12,80.56,81.68,2016-18,2016-18,E06000006,Halton,female,Female,0-1,00-01
77.08,76.45,77.71,2016-18,2016-18,E06000006,Halton,male,Male,0-1,00-01
77.08,76.34,77.83,2016-18,2016-18,E07000062,Hastings,male,Male,0-1,00-01
81.61,80.89,82.32,2016-18,2016-18,E07000062,Hastings,female,Female,0-1,00-01
82.35,81.69,83.02,2016-18,2016-18,E07000128,Wyre,female,Female,0-1,00-01
78.26,77.58,78.94,2016-18,2016-18,E07000128,Wyre,male,Male,0-1,00-01
85.26,84.74,85.78,2016-18,2016-18,E07000209,Guildford,female,Female,0-1,00-01
81.97,81.39,82.55,2016-18,2016-18,E07000209,Guildford,male,Male,0-1,00-01
80.24,79.57,80.9,2016-18,2016-18,E07000092,Rushmoor,male,Male,0-1,00-01
82.7,82.02,83.37,2016-18,2016-18,E07000092,Rushmoor,female,Female,0-1,00-01
81.47,80.72,82.23,2016-18,2016-18,E07000166,Richmondshire,male,Male,0-1,00-01
83.96,83.11,84.81,2016-18,2016-18,E07000166,Richmondshire,female,Female,0-1,00-01
80.41,79.8,81.03,2016-18,2016-18,E07000115,Tonbridge and Malling,male,Male,0-1,00-01
84.3,83.72,84.88,2016-18,2016-18,E07000115,Tonbridge and Malling,female,Female,0-1,00-01
80.75,79.9,81.59,2016-18,2016-18,E07000035,Derbyshire Dales,male,Male,0-1,00-01
84.78,84.07,85.49,2016-18,2016-18,E07000035,Derbyshire Dales,female,Female,0-1,00-01
84.6,84.29,84.91,2016-18,2016-18,E06000059,Dorset,female,Female,0-1,00-01
80.9,80.53,81.27,2016-18,2016-18,E06000059,Dorset,male,Male,0-1,00-01
80.63,79.95,81.31,2016-18,2016-18,E07000147,North Norfolk,male,Male,0-1,00-01
84.83,84.26,85.41,2016-18,2016-18,E07000147,North Norfolk,female,Female,0-1,00-01
77.97,77.55,78.39,2016-18,2016-18,E08000001,Bolton,male,Male,0-1,00-01
81.53,81.14,81.93,2016-18,2016-18,E08000001,Bolton,female,Female,0-1,00-01
82.5,82.19,82.8,2016-18,2016-18,E08000034,Kirklees,female,Female,0-1,00-01
78.53,78.19,78.87,2016-18,2016-18,E08000034,Kirklees,male,Male,0-1,00-01
77.99,77.6,78.37,2016-18,2016-18,E08000017,Doncaster,male,Male,0-1,00-01
81.65,81.28,82.01,2016-18,2016-18,E08000017,Doncaster,female,Female,0-1,00-01
84.91,84.23,85.58,2016-18,2016-18,E07000131,Harborough,female,Female,0-1,00-01
81.62,80.94,82.31,2016-18,2016-18,E07000131,Harborough,male,Male,0-1,00-01
85.17,84.69,85.66,2016-18,2016-18,E07000228,Mid Sussex,female,Female,0-1,00-01
81.51,80.97,82.05,2016-18,2016-18,E07000228,Mid Sussex,male,Male,0-1,00-01
84.32,83.66,84.99,2016-18,2016-18,E07000212,Runnymede,female,Female,0-1,00-01
80.59,79.84,81.34,2016-18,2016-18,E07000212,Runnymede,male,Male,0-1,00-01
78.95,78.27,79.64,2016-18,2016-18,E07000192,Cannock Chase,male,Male,0-1,00-01
82.39,81.73,83.04,2016-18,2016-18,E07000192,Cannock Chase,female,Female,0-1,00-01
83.25,82.6,83.89,2016-18,2016-18,E07000169,Selby,female,Female,0-1,00-01
80.59,79.93,81.25,2016-18,2016-18,E07000169,Selby,male,Male,0-1,00-01
80.75,80.08,81.42,2016-18,2016-18,E07000095,Broxbourne,male,Male,0-1,00-01
84.97,84.35,85.58,2016-18,2016-18,E07000095,Broxbourne,female,Female,0-1,00-01
81.17,80.47,81.87,2016-18,2016-18,E07000063,Lewes,male,Male,0-1,00-01
85.18,84.55,85.81,2016-18,2016-18,E07000063,Lewes,female,Female,0-1,00-01
82.47,81.78,83.16,2016-18,2016-18,E07000079,Cotswold,male,Male,0-1,00-01
85.07,84.45,85.69,2016-18,2016-18,E07000079,Cotswold,female,Female,0-1,00-01
78.08,77.56,78.59,2016-18,2016-18,E06000032,Luton,male,Male,0-1,00-01
82.46,81.96,82.96,2016-18,2016-18,E06000032,Luton,female,Female,0-1,00-01
82.01,81.46,82.55,2016-18,2016-18,E07000137,East Lindsey,female,Female,0-1,00-01
77.81,77.16,78.45,2016-18,2016-18,E07000137,East Lindsey,male,Male,0-1,00-01
82.4,81.75,83.05,2016-18,2016-18,E06000039,Slough,female,Female,0-1,00-01
78.56,77.9,79.22,2016-18,2016-18,E06000039,Slough,male,Male,0-1,00-01
76.39,75.94,76.83,2016-18,2016-18,E06000021,Stoke-on-Trent,male,Male,0-1,00-01
80.28,79.86,80.7,2016-18,2016-18,E06000021,Stoke-on-Trent,female,Female,0-1,00-01
82.07,80.73,83.41,2016-18,2016-18,S12000023,Orkney Islands,female,Female,0-1,00-01
79.09,77.58,80.59,2016-18,2016-18,S12000023,Orkney Islands,male,Male,0-1,00-01
80.1,79.61,80.59,2016-18,2016-18,E06000014,York,male,Male,0-1,00-01
83.36,82.87,83.84,2016-18,2016-18,E06000014,York,female,Female,0-1,00-01
82.39,81.81,82.96,2016-18,2016-18,E06000005,Darlington,female,Female,0-1,00-01
78.72,78.02,79.41,2016-18,2016-18,E06000005,Darlington,male,Male,0-1,00-01
78.44,77.57,79.32,2016-18,2016-18,E07000218,North Warwickshire,male,Male,0-1,00-01
82.63,81.87,83.39,2016-18,2016-18,E07000218,North Warwickshire,female,Female,0-1,00-01
79.85,79.27,80.44,2016-18,2016-18,E07000175,Newark and Sherwood,male,Male,0-1,00-01
82.86,82.29,83.44,2016-18,2016-18,E07000175,Newark and Sherwood,female,Female,0-1,00-01
82.96,82.52,83.41,2016-18,2016-18,E09000011,Greenwich,female,Female,0-1,00-01
79.51,79.03,79.99,2016-18,2016-18,E09000011,Greenwich,male,Male,0-1,00-01
77.18,76.78,77.59,2016-18,2016-18,E08000024,Sunderland,male,Male,0-1,00-01
81.41,81.04,81.77,2016-18,2016-18,E08000024,Sunderland,female,Female,0-1,00-01
77.72,77.15,78.29,2016-18,2016-18,W06000013,Bridgend,male,Male,0-1,00-01
81.11,80.6,81.62,2016-18,2016-18,W06000013,Bridgend,female,Female,0-1,00-01
80.59,80.0,81.17,2016-18,2016-18,E07000105,Ashford,male,Male,0-1,00-01
84.23,83.68,84.79,2016-18,2016-18,E07000105,Ashford,female,Female,0-1,00-01
83.0,82.38,83.61,2016-18,2016-18,E07000069,Castle Point,female,Female,0-1,00-01
79.96,79.29,80.62,2016-18,2016-18,E07000069,Castle Point,male,Male,0-1,00-01
83.84,83.22,84.46,2016-18,2016-18,E07000041,Exeter,female,Female,0-1,00-01
78.7,78.08,79.33,2016-18,2016-18,E07000041,Exeter,male,Male,0-1,00-01
79.56,78.86,80.25,2016-18,2016-18,E07000061,Eastbourne,male,Male,0-1,00-01
83.53,82.94,84.13,2016-18,2016-18,E07000061,Eastbourne,female,Female,0-1,00-01
82.29,82.0,82.59,2016-18,2016-18,S12000036,City of Edinburgh,female,Female,0-1,00-01
78.08,77.75,78.41,2016-18,2016-18,S12000036,City of Edinburgh,male,Male,0-1,00-01
82.75,81.64,83.86,2016-18,2016-18,S12000013,Na h-Eileanan Siar,female,Female,0-1,00-01
77.44,76.08,78.81,2016-18,2016-18,S12000013,Na h-Eileanan Siar,male,Male,0-1,00-01
79.06,78.56,79.55,2016-18,2016-18,N09000002,"Armagh City, Banbridge and Craigavon",male,Male,0-1,00-01
82.88,82.42,83.33,2016-18,2016-18,N09000002,"Armagh City, Banbridge and Craigavon",female,Female,0-1,00-01
79.8,79.19,80.41,2016-18,2016-18,W06000023,Powys,male,Male,0-1,00-01
84.04,83.52,84.56,2016-18,2016-18,W06000023,Powys,female,Female,0-1,00-01
79.27,78.71,79.82,2016-18,2016-18,W06000005,Flintshire,male,Male,0-1,00-01
82.59,82.06,83.12,2016-18,2016-18,W06000005,Flintshire,female,Female,0-1,00-01
82.21,81.63,82.79,2016-18,2016-18,E07000111,Sevenoaks,male,Male,0-1,00-01
84.8,84.24,85.35,2016-18,2016-18,E07000111,Sevenoaks,female,Female,0-1,00-01
84.31,83.82,84.8,2016-18,2016-18,E07000143,Breckland,female,Female,0-1,00-01
79.57,79.0,80.13,2016-18,2016-18,E07000143,Breckland,male,Male,0-1,00-01
81.14,80.7,81.58,2016-18,2016-18,S12000033,Aberdeen City,female,Female,0-1,00-01
76.9,76.44,77.36,2016-18,2016-18,S12000033,Aberdeen City,male,Male,0-1,00-01
82.19,81.56,82.82,2016-18,2016-18,E07000127,West Lancashire,female,Female,0-1,00-01
79.4,78.78,80.03,2016-18,2016-18,E07000127,West Lancashire,male,Male,0-1,00-01
76.01,75.38,76.64,2016-18,2016-18,S12000008,East Ayrshire,male,Male,0-1,00-01
79.96,79.4,80.52,2016-18,2016-18,S12000008,East Ayrshire,female,Female,0-1,00-01
79.75,79.22,80.27,2016-18,2016-18,E07000224,Arun,male,Male,0-1,00-01
83.47,82.98,83.95,2016-18,2016-18,E07000224,Arun,female,Female,0-1,00-01
82.38,81.61,83.14,2016-18,2016-18,E07000208,Epsom and Ewell,male,Male,0-1,00-01
86.1,85.42,86.78,2016-18,2016-18,E07000208,Epsom and Ewell,female,Female,0-1,00-01
84.64,84.1,85.19,2016-18,2016-18,E07000181,West Oxfordshire,female,Female,0-1,00-01
81.86,81.27,82.46,2016-18,2016-18,E07000181,West Oxfordshire,male,Male,0-1,00-01
81.0,80.47,81.52,2016-18,2016-18,E07000165,Harrogate,male,Male,0-1,00-01
84.55,84.05,85.06,2016-18,2016-18,E07000165,Harrogate,female,Female,0-1,00-01
77.78,77.05,78.51,2016-18,2016-18,W06000020,Torfaen,male,Male,0-1,00-01
82.04,81.41,82.67,2016-18,2016-18,W06000020,Torfaen,female,Female,0-1,00-01
81.4,80.72,82.07,2016-18,2016-18,E07000075,Rochford,male,Male,0-1,00-01
84.38,83.74,85.02,2016-18,2016-18,E07000075,Rochford,female,Female,0-1,00-01
83.28,82.68,83.87,2016-18,2016-18,W06000002,Gwynedd,female,Female,0-1,00-01
79.23,78.59,79.88,2016-18,2016-18,W06000002,Gwynedd,male,Male,0-1,00-01
85.49,85.02,85.95,2016-18,2016-18,E07000091,New Forest,female,Female,0-1,00-01
82.02,81.5,82.53,2016-18,2016-18,E07000091,New Forest,male,Male,0-1,00-01
80.96,80.54,81.38,2016-18,2016-18,E06000056,Central Bedfordshire,male,Male,0-1,00-01
84.35,83.95,84.74,2016-18,2016-18,E06000056,Central Bedfordshire,female,Female,0-1,00-01
82.47,81.98,82.96,2016-18,2016-18,E06000034,Thurrock,female,Female,0-1,00-01
79.01,78.49,79.52,2016-18,2016-18,E06000034,Thurrock,male,Male,0-1,00-01
79.24,78.79,79.68,2016-18,2016-18,E06000042,Milton Keynes,male,Male,0-1,00-01
83.02,82.59,83.44,2016-18,2016-18,E06000042,Milton Keynes,female,Female,0-1,00-01
79.98,79.5,80.45,2016-18,2016-18,E06000024,North Somerset,male,Male,0-1,00-01
84.02,83.62,84.43,2016-18,2016-18,E06000024,North Somerset,female,Female,0-1,00-01
80.35,79.79,80.9,2016-18,2016-18,E06000008,Blackburn with Darwen,female,Female,0-1,00-01
76.94,76.37,77.51,2016-18,2016-18,E06000008,Blackburn with Darwen,male,Male,0-1,00-01
80.37,79.74,81.0,2016-18,2016-18,S12000045,East Dunbartonshire,male,Male,0-1,00-01
83.38,82.77,83.99,2016-18,2016-18,S12000045,East Dunbartonshire,female,Female,0-1,00-01
79.88,79.26,80.49,2016-18,2016-18,S12000021,North Ayrshire,female,Female,0-1,00-01
76.34,75.71,76.97,2016-18,2016-18,S12000021,North Ayrshire,male,Male,0-1,00-01
78.91,78.32,79.51,2016-18,2016-18,N09000008,Mid and East Antrim,male,Male,0-1,00-01
82.5,81.96,83.05,2016-18,2016-18,N09000008,Mid and East Antrim,female,Female,0-1,00-01
81.0,80.47,81.53,2016-18,2016-18,W06000012,Neath Port Talbot,female,Female,0-1,00-01
76.67,76.09,77.24,2016-18,2016-18,W06000012,Neath Port Talbot,male,Male,0-1,00-01
80.5,80.04,80.96,2016-18,2016-18,E09000032,Wandsworth,male,Male,0-1,00-01
84.01,83.58,84.43,2016-18,2016-18,E09000032,Wandsworth,female,Female,0-1,00-01
84.0,83.62,84.38,2016-18,2016-18,E09000016,Havering,female,Female,0-1,00-01
79.71,79.3,80.12,2016-18,2016-18,E09000016,Havering,male,Male,0-1,00-01
84.0,83.69,84.31,2016-18,2016-18,E06000049,Cheshire East,female,Female,0-1,00-01
80.12,79.76,80.47,2016-18,2016-18,E06000049,Cheshire East,male,Male,0-1,00-01
79.25,78.55,79.94,2016-18,2016-18,E07000026,Allerdale,male,Male,0-1,00-01
82.43,81.74,83.11,2016-18,2016-18,E07000026,Allerdale,female,Female,0-1,00-01
83.39,82.86,83.92,2016-18,2016-18,E07000106,Canterbury,female,Female,0-1,00-01
79.16,78.58,79.74,2016-18,2016-18,E07000106,Canterbury,male,Male,0-1,00-01
81.7,81.1,82.31,2016-18,2016-18,E07000086,Eastleigh,male,Male,0-1,00-01
84.96,84.4,85.52,2016-18,2016-18,E07000086,Eastleigh,female,Female,0-1,00-01
81.38,80.86,81.9,2016-18,2016-18,E07000070,Chelmsford,male,Male,0-1,00-01
84.25,83.79,84.72,2016-18,2016-18,E07000070,Chelmsford,female,Female,0-1,00-01
81.02,80.3,81.75,2016-18,2016-18,E07000042,Mid Devon,male,Male,0-1,00-01
84.36,83.62,85.1,2016-18,2016-18,E07000042,Mid Devon,female,Female,0-1,00-01
77.88,77.26,78.51,2016-18,2016-18,E07000219,Nuneaton and Bedworth,male,Male,0-1,00-01
82.63,82.1,83.16,2016-18,2016-18,E07000219,Nuneaton and Bedworth,female,Female,0-1,00-01
77.28,76.56,77.99,2016-18,2016-18,E07000138,Lincoln,male,Male,0-1,00-01
80.51,79.77,81.26,2016-18,2016-18,E07000138,Lincoln,female,Female,0-1,00-01
78.67,78.2,79.14,2016-18,2016-18,E07000154,Northampton,male,Male,0-1,00-01
82.35,81.89,82.81,2016-18,2016-18,E07000154,Northampton,female,Female,0-1,00-01
78.12,77.37,78.87,2016-18,2016-18,E07000122,Pendle,male,Male,0-1,00-01
81.29,80.6,81.98,2016-18,2016-18,E07000122,Pendle,female,Female,0-1,00-01
80.7,80.28,81.12,2016-18,2016-18,E08000008,Tameside,female,Female,0-1,00-01
77.57,77.14,77.99,2016-18,2016-18,E08000008,Tameside,male,Male,0-1,00-01
79.13,78.46,79.8,2016-18,2016-18,E07000239,Wyre Forest,male,Male,0-1,00-01
83.66,83.07,84.24,2016-18,2016-18,E07000239,Wyre Forest,female,Female,0-1,00-01
82.08,81.86,82.3,2016-18,2016-18,E08000025,Birmingham,female,Female,0-1,00-01
77.69,77.46,77.92,2016-18,2016-18,E08000025,Birmingham,male,Male,0-1,00-01
79.05,78.24,79.86,2016-18,2016-18,E07000199,Tamworth,male,Male,0-1,00-01
82.89,82.1,83.68,2016-18,2016-18,E07000199,Tamworth,female,Female,0-1,00-01
81.65,81.06,82.24,2016-18,2016-18,E07000176,Rushcliffe,male,Male,0-1,00-01
84.58,83.98,85.17,2016-18,2016-18,E07000176,Rushcliffe,female,Female,0-1,00-01
84.52,84.02,85.02,2016-18,2016-18,E09000031,Waltham Forest,female,Female,0-1,00-01
80.57,80.07,81.07,2016-18,2016-18,E09000031,Waltham Forest,male,Male,0-1,00-01
85.99,85.52,86.46,2016-18,2016-18,E09000015,Harrow,female,Female,0-1,00-01
83.25,82.75,83.76,2016-18,2016-18,E09000015,Harrow,male,Male,0-1,00-01
79.23,78.63,79.82,2016-18,2016-18,S12000042,Dundee City,female,Female,0-1,00-01
73.95,73.31,74.6,2016-18,2016-18,S12000042,Dundee City,male,Male,0-1,00-01
78.97,78.27,79.67,2016-18,2016-18,S12000020,Moray,male,Male,0-1,00-01
81.68,80.99,82.36,2016-18,2016-18,S12000020,Moray,female,Female,0-1,00-01
80.17,79.61,80.73,2016-18,2016-18,N09000007,Lisburn and Castlereagh,male,Male,0-1,00-01
83.23,82.68,83.78,2016-18,2016-18,N09000007,Lisburn and Castlereagh,female,Female,0-1,00-01
77.31,76.87,77.76,2016-18,2016-18,W06000011,Swansea,male,Male,0-1,00-01
82.19,81.79,82.6,2016-18,2016-18,W06000011,Swansea,female,Female,0-1,00-01
79.32,78.73,79.91,2016-18,2016-18,N09000004,Causeway Coast and Glens,male,Male,0-1,00-01
83.09,82.52,83.66,2016-18,2016-18,N09000004,Causeway Coast and Glens,female,Female,0-1,00-01
79.2,78.53,79.87,2016-18,2016-18,S12000039,West Dunbartonshire,female,Female,0-1,00-01
74.99,74.26,75.72,2016-18,2016-18,S12000039,West Dunbartonshire,male,Male,0-1,00-01
82.35,81.93,82.78,2016-18,2016-18,S12000017,Highland,female,Female,0-1,00-01
77.75,77.28,78.23,2016-18,2016-18,S12000017,Highland,male,Male,0-1,00-01
84.17,83.43,84.92,2016-18,2016-18,W06000008,Ceredigion,female,Female,0-1,00-01
79.54,78.64,80.44,2016-18,2016-18,W06000008,Ceredigion,male,Male,0-1,00-01
85.02,84.42,85.62,2016-18,2016-18,E07000215,Tandridge,female,Female,0-1,00-01
81.42,80.68,82.15,2016-18,2016-18,E07000215,Tandridge,male,Male,0-1,00-01
78.59,77.94,79.23,2016-18,2016-18,E07000118,Chorley,male,Male,0-1,00-01
82.43,81.84,83.02,2016-18,2016-18,E07000118,Chorley,female,Female,0-1,00-01
77.11,76.29,77.94,2016-18,2016-18,E07000150,Corby,male,Male,0-1,00-01
80.76,79.95,81.56,2016-18,2016-18,E07000150,Corby,female,Female,0-1,00-01
81.24,80.53,81.96,2016-18,2016-18,E07000235,Malvern Hills,male,Male,0-1,00-01
84.01,83.39,84.62,2016-18,2016-18,E07000235,Malvern Hills,female,Female,0-1,00-01
77.4,76.92,77.88,2016-18,2016-18,E08000004,Oldham,male,Male,0-1,00-01
81.17,80.73,81.6,2016-18,2016-18,E08000004,Oldham,female,Female,0-1,00-01
81.73,81.34,82.13,2016-18,2016-18,E08000021,Newcastle upon Tyne,female,Female,0-1,00-01
77.86,77.43,78.29,2016-18,2016-18,E08000021,Newcastle upon Tyne,male,Male,0-1,00-01
81.43,80.99,81.88,2016-18,2016-18,E08000037,Gateshead,female,Female,0-1,00-01
77.46,76.97,77.95,2016-18,2016-18,E08000037,Gateshead,male,Male,0-1,00-01
80.01,79.36,80.67,2016-18,2016-18,E07000134,North West Leicestershire,male,Male,0-1,00-01
83.2,82.54,83.86,2016-18,2016-18,E07000134,North West Leicestershire,female,Female,0-1,00-01
81.08,80.36,81.79,2016-18,2016-18,E07000009,East Cambridgeshire,male,Male,0-1,00-01
85.23,84.56,85.91,2016-18,2016-18,E07000009,East Cambridgeshire,female,Female,0-1,00-01
82.8,82.25,83.34,2016-18,2016-18,E07000038,North East Derbyshire,female,Female,0-1,00-01
79.8,79.14,80.46,2016-18,2016-18,E07000038,North East Derbyshire,male,Male,0-1,00-01
83.7,83.17,84.24,2016-18,2016-18,E07000082,Stroud,female,Female,0-1,00-01
80.06,79.45,80.67,2016-18,2016-18,E07000082,Stroud,male,Male,0-1,00-01
82.35,81.73,82.97,2016-18,2016-18,E07000195,Newcastle-under-Lyme,female,Female,0-1,00-01
79.28,78.68,79.89,2016-18,2016-18,E07000195,Newcastle-under-Lyme,male,Male,0-1,00-01
80.37,79.74,80.99,2016-18,2016-18,E07000172,Broxtowe,male,Male,0-1,00-01
83.04,82.49,83.59,2016-18,2016-18,E07000172,Broxtowe,female,Female,0-1,00-01
82.63,82.14,83.12,2016-18,2016-18,E07000066,Basildon,female,Female,0-1,00-01
79.37,78.86,79.87,2016-18,2016-18,E07000066,Basildon,male,Male,0-1,00-01
83.82,83.31,84.32,2016-18,2016-18,E07000099,North Hertfordshire,female,Female,0-1,00-01
81.12,80.56,81.67,2016-18,2016-18,E07000099,North Hertfordshire,male,Male,0-1,00-01
83.27,83.0,83.54,2016-18,2016-18,E06000052,Cornwall,female,Female,0-1,00-01
79.66,79.38,79.94,2016-18,2016-18,E06000052,Cornwall,male,Male,0-1,00-01
78.99,78.58,79.4,2016-18,2016-18,E06000035,Medway,male,Male,0-1,00-01
82.64,82.26,83.02,2016-18,2016-18,E06000035,Medway,female,Female,0-1,00-01
78.59,77.76,79.43,2016-18,2016-18,E07000125,Rossendale,male,Male,0-1,00-01
82.21,81.49,82.93,2016-18,2016-18,E07000125,Rossendale,female,Female,0-1,00-01
81.69,81.05,82.33,2016-18,2016-18,E07000203,Mid Suffolk,male,Male,0-1,00-01
85.01,84.44,85.57,2016-18,2016-18,E07000203,Mid Suffolk,female,Female,0-1,00-01
82.94,82.25,83.62,2016-18,2016-18,E07000089,Hart,male,Male,0-1,00-01
85.06,84.36,85.76,2016-18,2016-18,E07000089,Hart,female,Female,0-1,00-01
81.14,80.22,82.06,2016-18,2016-18,E07000163,Craven,male,Male,0-1,00-01
84.99,84.28,85.69,2016-18,2016-18,E07000163,Craven,female,Female,0-1,00-01
79.07,78.58,79.55,2016-18,2016-18,E06000033,Southend-on-Sea,male,Male,0-1,00-01
82.12,81.66,82.58,2016-18,2016-18,E06000033,Southend-on-Sea,female,Female,0-1,00-01
83.45,83.1,83.81,2016-18,2016-18,E06000051,Shropshire,female,Female,0-1,00-01
80.51,80.14,80.88,2016-18,2016-18,E06000051,Shropshire,male,Male,0-1,00-01
76.94,76.54,77.33,2016-18,2016-18,E08000028,Sandwell,male,Male,0-1,00-01
81.07,80.68,81.46,2016-18,2016-18,E08000028,Sandwell,female,Female,0-1,00-01
78.66,78.38,78.94,2016-18,2016-18,S12000049,Glasgow City,female,Female,0-1,00-01
73.36,73.07,73.65,2016-18,2016-18,S12000049,Glasgow City,male,Male,0-1,00-01
84.87,84.2,85.54,2016-18,2016-18,E06000036,Bracknell Forest,female,Female,0-1,00-01
81.85,81.18,82.52,2016-18,2016-18,E06000036,Bracknell Forest,male,Male,0-1,00-01
81.31,80.89,81.73,2016-18,2016-18,E06000018,Nottingham,female,Female,0-1,00-01
77.19,76.77,77.61,2016-18,2016-18,E06000018,Nottingham,male,Male,0-1,00-01
76.82,76.06,77.57,2016-18,2016-18,E06000001,Hartlepool,male,Male,0-1,00-01
81.33,80.68,81.98,2016-18,2016-18,E06000001,Hartlepool,female,Female,0-1,00-01
80.67,79.85,81.49,2016-18,2016-18,S12000005,Clackmannanshire,female,Female,0-1,00-01
76.9,75.83,77.98,2016-18,2016-18,S12000005,Clackmannanshire,male,Male,0-1,00-01
84.49,83.98,85.0,2016-18,2016-18,E07000045,Teignbridge,female,Female,0-1,00-01
80.57,79.99,81.15,2016-18,2016-18,E07000045,Teignbridge,male,Male,0-1,00-01
82.56,82.04,83.07,2016-18,2016-18,N09000011,Ards and North Down,female,Female,0-1,00-01
79.67,79.14,80.2,2016-18,2016-18,N09000011,Ards and North Down,male,Male,0-1,00-01
81.35,80.98,81.72,2016-18,2016-18,E09000006,Bromley,male,Male,0-1,00-01
85.0,84.67,85.34,2016-18,2016-18,E09000006,Bromley,female,Female,0-1,00-01
82.35,81.97,82.72,2016-18,2016-18,E08000026,Coventry,female,Female,0-1,00-01
78.54,78.16,78.92,2016-18,2016-18,E08000026,Coventry,male,Male,0-1,00-01
82.66,82.05,83.27,2016-18,2016-18,E09000007,Camden,male,Male,0-1,00-01
87.04,86.43,87.65,2016-18,2016-18,E09000007,Camden,female,Female,0-1,00-01
81.01,80.72,81.3,2016-18,2016-18,E06000054,Wiltshire,male,Male,0-1,00-01
84.25,83.96,84.53,2016-18,2016-18,E06000054,Wiltshire,female,Female,0-1,00-01
84.64,84.12,85.17,2016-18,2016-18,E06000037,West Berkshire,female,Female,0-1,00-01
81.67,81.13,82.22,2016-18,2016-18,E06000037,West Berkshire,male,Male,0-1,00-01
83.41,82.79,84.03,2016-18,2016-18,E07000126,South Ribble,female,Female,0-1,00-01
80.18,79.54,80.82,2016-18,2016-18,E07000126,South Ribble,male,Male,0-1,00-01
77.99,77.39,78.58,2016-18,2016-18,E06000003,Redcar and Cleveland,male,Male,0-1,00-01
81.78,81.23,82.32,2016-18,2016-18,E06000003,Redcar and Cleveland,female,Female,0-1,00-01
85.57,85.03,86.12,2016-18,2016-18,E07000207,Elmbridge,female,Female,0-1,00-01
82.35,81.76,82.94,2016-18,2016-18,E07000207,Elmbridge,male,Male,0-1,00-01
80.23,79.59,80.87,2016-18,2016-18,E07000090,Havant,male,Male,0-1,00-01
83.18,82.56,83.8,2016-18,2016-18,E07000090,Havant,female,Female,0-1,00-01
81.83,81.2,82.46,2016-18,2016-18,E07000164,Hambleton,male,Male,0-1,00-01
85.0,84.4,85.6,2016-18,2016-18,E07000164,Hambleton,female,Female,0-1,00-01
77.92,77.32,78.52,2016-18,2016-18,S12000006,Dumfries and Galloway,male,Male,0-1,00-01
81.76,81.24,82.28,2016-18,2016-18,S12000006,Dumfries and Galloway,female,Female,0-1,00-01
80.76,80.33,81.18,2016-18,2016-18,E09000009,Ealing,male,Male,0-1,00-01
84.83,84.43,85.23,2016-18,2016-18,E09000009,Ealing,female,Female,0-1,00-01
84.14,83.67,84.6,2016-18,2016-18,E08000029,Solihull,female,Female,0-1,00-01
80.27,79.78,80.76,2016-18,2016-18,E08000029,Solihull,male,Male,0-1,00-01
78.97,78.11,79.83,2016-18,2016-18,W06000001,Isle of Anglesey,male,Male,0-1,00-01
83.16,82.4,83.92,2016-18,2016-18,W06000001,Isle of Anglesey,female,Female,0-1,00-01
80.03,79.58,80.49,2016-18,2016-18,E09000018,Hounslow,male,Male,0-1,00-01
83.77,83.32,84.21,2016-18,2016-18,E09000018,Hounslow,female,Female,0-1,00-01
82.34,81.85,82.82,2016-18,2016-18,E06000031,Peterborough,female,Female,0-1,00-01
78.22,77.71,78.73,2016-18,2016-18,E06000031,Peterborough,male,Male,0-1,00-01
80.06,79.62,80.49,2016-18,2016-18,E09000004,Bexley,male,Male,0-1,00-01
84.09,83.68,84.5,2016-18,2016-18,E09000004,Bexley,female,Female,0-1,00-01
83.27,82.72,83.82,2016-18,2016-18,E09000019,Islington,female,Female,0-1,00-01
79.64,79.06,80.22,2016-18,2016-18,E09000019,Islington,male,Male,0-1,00-01
86.82,86.17,87.46,2016-18,2016-18,E09000020,Kensington and Chelsea,female,Female,0-1,00-01
83.35,82.6,84.09,2016-18,2016-18,E09000020,Kensington and Chelsea,male,Male,0-1,00-01
83.0,82.67,83.34,2016-18,2016-18,E06000050,Cheshire West and Chester,female,Female,0-1,00-01
79.92,79.56,80.28,2016-18,2016-18,E06000050,Cheshire West and Chester,male,Male,0-1,00-01
83.13,82.59,83.68,2016-18,2016-18,E06000038,Reading,female,Female,0-1,00-01
79.06,78.47,79.64,2016-18,2016-18,E06000038,Reading,male,Male,0-1,00-01
82.09,81.5,82.68,2016-18,2016-18,S12000026,Scottish Borders,female,Female,0-1,00-01
78.83,78.17,79.5,2016-18,2016-18,S12000026,Scottish Borders,male,Male,0-1,00-01
81.41,80.94,81.88,2016-18,2016-18,E06000004,Stockton-on-Tees,female,Female,0-1,00-01
78.14,77.64,78.63,2016-18,2016-18,E06000004,Stockton-on-Tees,male,Male,0-1,00-01
79.27,78.68,79.86,2016-18,2016-18,W06000014,Vale of Glamorgan,male,Male,0-1,00-01
83.43,82.88,83.99,2016-18,2016-18,W06000014,Vale of Glamorgan,female,Female,0-1,00-01
80.95,80.02,81.87,2016-18,2016-18,E07000047,West Devon,male,Male,0-1,00-01
83.27,82.32,84.21,2016-18,2016-18,E07000047,West Devon,female,Female,0-1,00-01
80.93,80.01,81.85,2016-18,2016-18,E07000167,Ryedale,male,Male,0-1,00-01
85.27,84.54,86.01,2016-18,2016-18,E07000167,Ryedale,female,Female,0-1,00-01
82.0,81.33,82.66,2016-18,2016-18,E07000033,Bolsover,female,Female,0-1,00-01
78.33,77.62,79.04,2016-18,2016-18,E07000033,Bolsover,male,Male,0-1,00-01
78.59,77.99,79.18,2016-18,2016-18,E06000027,Torbay,male,Male,0-1,00-01
82.31,81.74,82.88,2016-18,2016-18,E06000027,Torbay,female,Female,0-1,00-01
77.88,77.16,78.61,2016-18,2016-18,S12000035,Argyll and Bute,male,Male,0-1,00-01
81.84,81.15,82.54,2016-18,2016-18,S12000035,Argyll and Bute,female,Female,0-1,00-01
80.94,80.3,81.57,2016-18,2016-18,E07000129,Blaby,male,Male,0-1,00-01
84.94,84.33,85.54,2016-18,2016-18,E07000129,Blaby,female,Female,0-1,00-01
86.26,85.66,86.86,2016-18,2016-18,E07000210,Mole Valley,female,Female,0-1,00-01
81.95,81.23,82.67,2016-18,2016-18,E07000210,Mole Valley,male,Male,0-1,00-01
82.03,81.47,82.59,2016-18,2016-18,N09000001,Antrim and Newtownabbey,female,Female,0-1,00-01
79.44,78.87,80.01,2016-18,2016-18,N09000001,Antrim and Newtownabbey,male,Male,0-1,00-01
84.86,84.3,85.42,2016-18,2016-18,E07000093,Test Valley,female,Female,0-1,00-01
80.95,80.34,81.57,2016-18,2016-18,E07000093,Test Valley,male,Male,0-1,00-01
77.64,77.09,78.2,2016-18,2016-18,W06000022,Newport,male,Male,0-1,00-01
81.92,81.41,82.43,2016-18,2016-18,W06000022,Newport,female,Female,0-1,00-01
78.18,77.8,78.57,2016-18,2016-18,E08000015,Wirral,male,Male,0-1,00-01
82.04,81.68,82.4,2016-18,2016-18,E08000015,Wirral,female,Female,0-1,00-01
83.9,83.29,84.52,2016-18,2016-18,E09000033,Westminster,male,Male,0-1,00-01
86.54,86.01,87.08,2016-18,2016-18,E09000033,Westminster,female,Female,0-1,00-01
81.35,80.63,82.08,2016-18,2016-18,E07000117,Burnley,female,Female,0-1,00-01
76.19,75.43,76.96,2016-18,2016-18,E07000117,Burnley,male,Male,0-1,00-01
81.08,80.47,81.68,2016-18,2016-18,E07000149,South Norfolk,male,Male,0-1,00-01
84.98,84.47,85.5,2016-18,2016-18,E07000149,South Norfolk,female,Female,0-1,00-01
76.08,75.75,76.42,2016-18,2016-18,E08000003,Manchester,male,Male,0-1,00-01
79.82,79.47,80.16,2016-18,2016-18,E08000003,Manchester,female,Female,0-1,00-01
79.39,79.1,79.67,2016-18,2016-18,E08000019,Sheffield,male,Male,0-1,00-01
82.26,81.98,82.53,2016-18,2016-18,E08000019,Sheffield,female,Female,0-1,00-01
78.32,77.95,78.7,2016-18,2016-18,E08000036,Wakefield,male,Male,0-1,00-01
81.92,81.58,82.25,2016-18,2016-18,E08000036,Wakefield,female,Female,0-1,00-01
80.67,79.65,81.68,2016-18,2016-18,E07000133,Melton,male,Male,0-1,00-01
83.8,82.85,84.75,2016-18,2016-18,E07000133,Melton,female,Female,0-1,00-01
81.0,80.31,81.69,2016-18,2016-18,E07000008,Cambridge,male,Male,0-1,00-01
83.56,82.9,84.21,2016-18,2016-18,E07000008,Cambridge,female,Female,0-1,00-01
81.2,80.66,81.74,2016-18,2016-18,E07000065,Wealden,male,Male,0-1,00-01
84.66,84.16,85.15,2016-18,2016-18,E07000065,Wealden,female,Female,0-1,00-01
83.36,82.76,83.95,2016-18,2016-18,E07000037,High Peak,female,Female,0-1,00-01
79.86,79.15,80.57,2016-18,2016-18,E07000037,High Peak,male,Male,0-1,00-01
82.31,81.66,82.97,2016-18,2016-18,E07000214,Surrey Heath,male,Male,0-1,00-01
84.67,84.04,85.3,2016-18,2016-18,E07000214,Surrey Heath,female,Female,0-1,00-01
80.42,79.75,81.09,2016-18,2016-18,E07000194,Lichfield,male,Male,0-1,00-01
83.39,82.77,84.0,2016-18,2016-18,E07000194,Lichfield,female,Female,0-1,00-01
78.71,78.07,79.36,2016-18,2016-18,E07000171,Bassetlaw,male,Male,0-1,00-01
82.49,81.9,83.07,2016-18,2016-18,E07000171,Bassetlaw,female,Female,0-1,00-01
83.8,83.18,84.43,2016-18,2016-18,E07000234,Bromsgrove,female,Female,0-1,00-01
80.53,79.89,81.17,2016-18,2016-18,E07000234,Bromsgrove,male,Male,0-1,00-01
77.93,77.3,78.56,2016-18,2016-18,E07000081,Gloucester,male,Male,0-1,00-01
82.71,82.12,83.3,2016-18,2016-18,E07000081,Gloucester,female,Female,0-1,00-01
84.04,83.41,84.67,2016-18,2016-18,E07000098,Hertsmere,female,Female,0-1,00-01
81.03,80.38,81.68,2016-18,2016-18,E07000098,Hertsmere,male,Male,0-1,00-01
85.15,84.58,85.73,2016-18,2016-18,E07000094,Winchester,female,Female,0-1,00-01
81.96,81.32,82.61,2016-18,2016-18,E07000094,Winchester,male,Male,0-1,00-01
82.17,81.63,82.71,2016-18,2016-18,E07000114,Thanet,female,Female,0-1,00-01
77.43,76.84,78.02,2016-18,2016-18,E07000114,Thanet,male,Male,0-1,00-01
79.99,79.45,80.53,2016-18,2016-18,E07000146,King's Lynn and West Norfolk,male,Male,0-1,00-01
82.79,82.26,83.32,2016-18,2016-18,E07000146,King's Lynn and West Norfolk,female,Female,0-1,00-01
85.79,85.28,86.3,2016-18,2016-18,E06000041,Wokingham,female,Female,0-1,00-01
82.04,81.5,82.58,2016-18,2016-18,E06000041,Wokingham,male,Male,0-1,00-01
83.94,83.46,84.43,2016-18,2016-18,E07000130,Charnwood,female,Female,0-1,00-01
80.37,79.87,80.88,2016-18,2016-18,E07000130,Charnwood,male,Male,0-1,00-01
83.5,82.94,84.06,2016-18,2016-18,E07000078,Cheltenham,female,Female,0-1,00-01
80.26,79.65,80.87,2016-18,2016-18,E07000078,Cheltenham,male,Male,0-1,00-01
78.45,78.1,78.79,2016-18,2016-18,E06000023,"Bristol, City of",male,Male,0-1,00-01
82.64,82.31,82.97,2016-18,2016-18,E06000023,"Bristol, City of",female,Female,0-1,00-01
79.21,78.76,79.66,2016-18,2016-18,E06000007,Warrington,male,Male,0-1,00-01
82.69,82.27,83.11,2016-18,2016-18,E06000007,Warrington,female,Female,0-1,00-01
82.53,81.99,83.08,2016-18,2016-18,E07000227,Horsham,male,Male,0-1,00-01
85.11,84.6,85.63,2016-18,2016-18,E07000227,Horsham,female,Female,0-1,00-01
82.77,82.16,83.39,2016-18,2016-18,E07000168,Scarborough,female,Female,0-1,00-01
78.41,77.74,79.07,2016-18,2016-18,E07000168,Scarborough,male,Male,0-1,00-01
81.04,80.5,81.57,2016-18,2016-18,E07000211,Reigate and Banstead,male,Male,0-1,00-01
84.51,84.03,84.99,2016-18,2016-18,E07000211,Reigate and Banstead,female,Female,0-1,00-01
80.36,79.84,80.87,2016-18,2016-18,E07000189,South Somerset,male,Male,0-1,00-01
84.51,84.04,84.97,2016-18,2016-18,E07000189,South Somerset,female,Female,0-1,00-01
80.22,79.89,80.55,2016-18,2016-18,E06000058,"Bournemouth, Christchurch and Poole",male,Male,0-1,00-01
83.51,83.19,83.83,2016-18,2016-18,E06000058,"Bournemouth, Christchurch and Poole",female,Female,0-1,00-01
81.81,81.22,82.4,2016-18,2016-18,E07000034,Chesterfield,female,Female,0-1,00-01
78.23,77.61,78.86,2016-18,2016-18,E07000034,Chesterfield,male,Male,0-1,00-01
83.63,83.11,84.14,2016-18,2016-18,E07000246,Somerset West and Taunton,female,Female,0-1,00-01
80.07,79.5,80.64,2016-18,2016-18,E07000246,Somerset West and Taunton,male,Male,0-1,00-01
83.67,83.1,84.24,2016-18,2016-18,E09000012,Hackney,female,Female,0-1,00-01
79.57,78.97,80.17,2016-18,2016-18,E09000012,Hackney,male,Male,0-1,00-01
79.29,78.8,79.79,2016-18,2016-18,E09000028,Southwark,male,Male,0-1,00-01
84.63,84.12,85.15,2016-18,2016-18,E09000028,Southwark,female,Female,0-1,00-01
77.53,77.08,77.97,2016-18,2016-18,W06000016,Rhondda Cynon Taf,male,Male,0-1,00-01
81.1,80.69,81.5,2016-18,2016-18,W06000016,Rhondda Cynon Taf,female,Female,0-1,00-01
81.04,80.49,81.59,2016-18,2016-18,E07000144,Broadland,male,Male,0-1,00-01
84.88,84.4,85.37,2016-18,2016-18,E07000144,Broadland,female,Female,0-1,00-01
79.61,79.28,79.95,2016-18,2016-18,S12000050,North Lanarkshire,female,Female,0-1,00-01
75.23,74.85,75.62,2016-18,2016-18,S12000050,North Lanarkshire,male,Male,0-1,00-01
78.8,78.11,79.48,2016-18,2016-18,W06000003,Conwy,male,Male,0-1,00-01
82.85,82.2,83.49,2016-18,2016-18,W06000003,Conwy,female,Female,0-1,00-01
84.19,83.54,84.84,2016-18,2016-18,W06000021,Monmouthshire,female,Female,0-1,00-01
80.82,80.1,81.54,2016-18,2016-18,W06000021,Monmouthshire,male,Male,0-1,00-01
81.2,80.86,81.54,2016-18,2016-18,E08000010,Wigan,female,Female,0-1,00-01
77.89,77.5,78.27,2016-18,2016-18,E08000010,Wigan,male,Male,0-1,00-01
78.97,78.58,79.35,2016-18,2016-18,E08000027,Dudley,male,Male,0-1,00-01
82.75,82.39,83.12,2016-18,2016-18,E08000027,Dudley,female,Female,0-1,00-01
82.56,82.17,82.96,2016-18,2016-18,E08000014,Sefton,female,Female,0-1,00-01
78.77,78.35,79.19,2016-18,2016-18,E08000014,Sefton,male,Male,0-1,00-01
79.23,78.83,79.62,2016-18,2016-18,S12000034,Aberdeenshire,male,Male,0-1,00-01
82.9,82.53,83.27,2016-18,2016-18,S12000034,Aberdeenshire,female,Female,0-1,00-01
77.3,76.59,78.01,2016-18,2016-18,S12000028,South Ayrshire,male,Male,0-1,00-01
81.26,80.63,81.88,2016-18,2016-18,S12000028,South Ayrshire,female,Female,0-1,00-01
78.64,77.94,79.34,2016-18,2016-18,S12000010,East Lothian,male,Male,0-1,00-01
82.37,81.79,82.95,2016-18,2016-18,S12000010,East Lothian,female,Female,0-1,00-01
81.41,81.0,81.81,2016-18,2016-18,E08000031,Wolverhampton,female,Female,0-1,00-01
77.17,76.74,77.61,2016-18,2016-18,E08000031,Wolverhampton,male,Male,0-1,00-01
79.7,79.06,80.35,2016-18,2016-18,E07000112,Folkestone and Hythe,male,Male,0-1,00-01
83.08,82.48,83.67,2016-18,2016-18,E07000112,Folkestone and Hythe,female,Female,0-1,00-01
81.08,80.48,81.68,2016-18,2016-18,E07000225,Chichester,male,Male,0-1,00-01
84.84,84.3,85.38,2016-18,2016-18,E07000225,Chichester,female,Female,0-1,00-01
84.44,83.84,85.05,2016-18,2016-18,E07000187,Mendip,female,Female,0-1,00-01
80.76,80.13,81.38,2016-18,2016-18,E07000187,Mendip,male,Male,0-1,00-01
80.41,79.94,80.88,2016-18,2016-18,S12000038,Renfrewshire,female,Female,0-1,00-01
75.82,75.29,76.35,2016-18,2016-18,S12000038,Renfrewshire,male,Male,0-1,00-01
80.3,79.79,80.82,2016-18,2016-18,S12000014,Falkirk,female,Female,0-1,00-01
77.1,76.54,77.66,2016-18,2016-18,S12000014,Falkirk,male,Male,0-1,00-01
76.27,75.86,76.67,2016-18,2016-18,N09000003,Belfast,male,Male,0-1,00-01
81.07,80.7,81.44,2016-18,2016-18,N09000003,Belfast,female,Female,0-1,00-01
80.65,79.87,81.42,2016-18,2016-18,W06000024,Merthyr Tydfil,female,Female,0-1,00-01
77.37,76.54,78.21,2016-18,2016-18,W06000024,Merthyr Tydfil,male,Male,0-1,00-01
78.25,77.63,78.86,2016-18,2016-18,W06000006,Wrexham,male,Male,0-1,00-01
81.29,80.74,81.84,2016-18,2016-18,W06000006,Wrexham,female,Female,0-1,00-01
85.15,84.59,85.71,2016-18,2016-18,E07000238,Wychavon,female,Female,0-1,00-01
80.91,80.28,81.54,2016-18,2016-18,E07000238,Wychavon,male,Male,0-1,00-01
79.96,79.26,80.65,2016-18,2016-18,E07000153,Kettering,male,Male,0-1,00-01
82.69,82.02,83.36,2016-18,2016-18,E07000153,Kettering,female,Female,0-1,00-01
77.23,76.86,77.6,2016-18,2016-18,S12000047,Fife,male,Male,0-1,00-01
81.0,80.66,81.34,2016-18,2016-18,S12000047,Fife,female,Female,0-1,00-01
79.76,79.08,80.43,2016-18,2016-18,E07000198,Staffordshire Moorlands,male,Male,0-1,00-01
83.12,82.53,83.71,2016-18,2016-18,E07000198,Staffordshire Moorlands,female,Female,0-1,00-01
78.25,77.66,78.84,2016-18,2016-18,E07000121,Lancaster,male,Male,0-1,00-01
82.53,82.0,83.06,2016-18,2016-18,E07000121,Lancaster,female,Female,0-1,00-01
80.8,80.31,81.3,2016-18,2016-18,E07000245,West Suffolk,male,Male,0-1,00-01
84.55,84.08,85.02,2016-18,2016-18,E07000245,West Suffolk,female,Female,0-1,00-01
80.09,79.68,80.49,2016-18,2016-18,E08000007,Stockport,male,Male,0-1,00-01
83.32,82.94,83.69,2016-18,2016-18,E08000007,Stockport,female,Female,0-1,00-01
85.65,85.13,86.17,2016-18,2016-18,E07000012,South Cambridgeshire,female,Female,0-1,00-01
82.79,82.26,83.33,2016-18,2016-18,E07000012,South Cambridgeshire,male,Male,0-1,00-01
86.44,85.95,86.94,2016-18,2016-18,E09000027,Richmond upon Thames,female,Female,0-1,00-01
82.52,82.0,83.03,2016-18,2016-18,E09000027,Richmond upon Thames,male,Male,0-1,00-01
79.3,78.73,79.88,2016-18,2016-18,N09000009,Mid Ulster,male,Male,0-1,00-01
82.7,82.13,83.26,2016-18,2016-18,N09000009,Mid Ulster,female,Female,0-1,00-01
81.12,80.47,81.77,2016-18,2016-18,E07000085,East Hampshire,male,Male,0-1,00-01
84.61,84.05,85.16,2016-18,2016-18,E07000085,East Hampshire,female,Female,0-1,00-01
78.32,77.84,78.79,2016-18,2016-18,E08000033,Calderdale,male,Male,0-1,00-01
82.17,81.7,82.64,2016-18,2016-18,E08000033,Calderdale,female,Female,0-1,00-01
81.87,81.46,82.27,2016-18,2016-18,E08000016,Barnsley,female,Female,0-1,00-01
78.14,77.71,78.58,2016-18,2016-18,E08000016,Barnsley,male,Male,0-1,00-01
79.75,79.22,80.29,2016-18,2016-18,E06000055,Bedford,male,Male,0-1,00-01
83.53,83.01,84.04,2016-18,2016-18,E06000055,Bedford,female,Female,0-1,00-01
81.92,81.28,82.56,2016-18,2016-18,E07000031,South Lakeland,male,Male,0-1,00-01
84.75,84.18,85.32,2016-18,2016-18,E07000031,South Lakeland,female,Female,0-1,00-01
77.75,77.24,78.25,2016-18,2016-18,E08000013,St. Helens,male,Male,0-1,00-01
80.97,80.49,81.46,2016-18,2016-18,E08000013,St. Helens,female,Female,0-1,00-01
77.51,77.09,77.94,2016-18,2016-18,E08000030,Walsall,male,Male,0-1,00-01
82.02,81.61,82.42,2016-18,2016-18,E08000030,Walsall,female,Female,0-1,00-01
82.88,82.28,83.48,2016-18,2016-18,E07000032,Amber Valley,female,Female,0-1,00-01
79.98,79.4,80.57,2016-18,2016-18,E07000032,Amber Valley,male,Male,0-1,00-01
77.15,76.76,77.55,2016-18,2016-18,E06000016,Leicester,male,Male,0-1,00-01
81.93,81.55,82.32,2016-18,2016-18,E06000016,Leicester,female,Female,0-1,00-01
77.84,77.24,78.45,2016-18,2016-18,E07000076,Tendring,male,Male,0-1,00-01
81.6,81.02,82.18,2016-18,2016-18,E07000076,Tendring,female,Female,0-1,00-01
79.85,79.21,80.49,2016-18,2016-18,E07000043,North Devon,male,Male,0-1,00-01
83.17,82.52,83.82,2016-18,2016-18,E07000043,North Devon,female,Female,0-1,00-01
83.21,82.64,83.78,2016-18,2016-18,E09000030,Tower Hamlets,female,Female,0-1,00-01
79.34,78.8,79.87,2016-18,2016-18,E09000030,Tower Hamlets,male,Male,0-1,00-01
84.97,84.44,85.49,2016-18,2016-18,E09000014,Haringey,female,Female,0-1,00-01
80.78,80.26,81.3,2016-18,2016-18,E09000014,Haringey,male,Male,0-1,00-01
